team,fifa_code,group,flag,played,wins,draws,losses,goals_for,goals_against,goal_diff,points,attack,defence,net_strength,model_rank,elo,elo_rank,squad_overall,avg_age,total_caps,attack_strength,defence_strength,young_pace,senior_solidity,form_momentum,tier,style,star_player
Argentina,ARG,J,https://flagcdn.com/w80/ar.png,2,2,0,0,5,0,5,6,0.4326297344188985,0.5004059906515319,0.9330357250704304,1,1717.3,1,82.2,28.7,1251.0,71.5,70.8,73.7,21.2,0.18,Elite contender,well-balanced,Lionel Messi
Portugal,POR,K,https://flagcdn.com/w80/pt.png,2,1,1,0,6,1,5,4,0.4194809859801469,0.4577294329865978,0.8772104189667447,2,1704.3,4,83.6,27.5,1160.0,73.9,70.0,76.2,18.5,0.178,Elite contender,attack-leaning,Cristiano Ronaldo
France,FRA,I,https://flagcdn.com/w80/fr.png,2,2,0,0,6,1,5,6,0.4610783811844405,0.3655804760351409,0.8266588572195814,3,1711.5,2,81.6,26.6,803.0,71.5,71.8,80.0,19.5,0.13,Strong side,well-balanced,Kylian Mbappé
Brazil,BRA,C,https://flagcdn.com/w80/br.png,3,2,1,0,7,1,6,7,0.5172295031222375,0.1737736452008416,0.6910031483230792,4,1670.4,5,83.0,28.8,916.0,72.0,72.2,74.2,22.3,0.163,Elite contender,well-balanced,Casemiro
Colombia,COL,K,https://flagcdn.com/w80/co.png,2,2,0,0,4,1,3,6,0.3860237737182753,0.299385971758339,0.6854097454766144,5,1647.1,6,79.8,29.6,1042.0,70.4,65.8,74.7,19.4,0.09,Strong side,attack-leaning,Luis Suárez
Spain,ESP,H,https://flagcdn.com/w80/es.png,2,1,1,0,4,0,4,4,0.4541625410100838,0.2021815076317689,0.6563440486418528,6,1706.1,3,82.5,26.2,743.0,70.9,74.6,70.4,19.8,0.117,Elite contender,defensively grounded,Aymeric Laporte
Belgium,BEL,G,https://flagcdn.com/w80/be.png,2,0,2,0,1,1,0,2,0.3306678423455263,0.2579498641263447,0.5886177064718711,7,1539.1,17,79.9,27.1,1085.0,70.3,63.4,71.6,16.7,0.157,Strong side,attack-leaning,Kevin De Bruyne
Germany,GER,E,https://flagcdn.com/w80/de.png,3,2,0,1,10,4,6,6,0.504413900583706,-0.0349928121559302,0.4694210884277758,8,1580.0,14,80.0,27.6,844.0,66.1,74.9,68.9,20.9,0.136,Strong side,defensively grounded,Joshua Kimmich
Japan,JPN,F,https://flagcdn.com/w80/jp.png,3,1,2,0,7,3,4,5,0.1805046179430758,0.2493937198541197,0.4298983377971955,9,1586.0,10,72.9,26.9,796.0,64.1,61.9,72.0,17.7,0.097,Developing team,attack-leaning,Daichi Kamada
Morocco,MAR,C,https://flagcdn.com/w80/ma.png,3,2,1,0,6,3,3,7,0.1775994007824679,0.2249506187572988,0.4025500195397667,10,1611.8,8,78.2,26.1,698.0,70.1,64.8,72.6,17.1,0.09,Solid outfit,attack-leaning,Achraf Hakimi
Netherlands,NED,F,https://flagcdn.com/w80/nl.png,3,2,1,0,10,4,6,7,0.3994296888442336,-0.0047136708917671,0.3947160179524665,11,1608.1,9,80.4,27.3,861.0,72.4,74.2,78.5,20.1,0.105,Strong side,well-balanced,Virgil van Dijk
Austria,AUT,J,https://flagcdn.com/w80/at.png,2,1,0,1,3,3,0,3,0.2378612165376111,0.1455700256608256,0.3834312421984368,12,1552.8,16,77.2,28.2,1003.0,64.9,72.4,68.8,20.8,0.087,Solid outfit,defensively grounded,Marcel Sabitzer
Ecuador,ECU,E,https://flagcdn.com/w80/ec.png,3,1,1,1,2,2,0,4,-0.2727414122827112,0.6480433165025387,0.3753019042198274,13,1580.6,13,76.1,25.6,771.0,66.0,66.1,74.6,16.6,0.028,Solid outfit,well-balanced,Félix Torres
Ivory Coast,CIV,E,https://flagcdn.com/w80/ci.png,3,2,0,1,4,2,2,6,0.0611967246315723,0.297506357450761,0.3587030820823333,14,1563.9,15,76.5,25.3,703.0,67.5,69.9,75.1,18.2,0.085,Solid outfit,defensively grounded,Franck Kessié
Switzerland,SUI,B,https://flagcdn.com/w80/ch.png,3,2,1,0,7,3,4,7,0.3242449057361826,0.0332283534911429,0.3574732592273255,15,1585.1,11,77.1,27.8,1132.0,67.9,67.1,72.9,19.0,0.115,Solid outfit,well-balanced,Denis Zakaria
England,ENG,L,https://flagcdn.com/w80/gb-eng.png,2,1,1,0,4,2,2,4,0.1604282141321816,0.1444591203339251,0.3048873344661067,16,1583.7,12,81.1,26.7,837.0,70.4,71.1,78.7,19.0,0.049,Strong side,well-balanced,Harry Kane
Croatia,CRO,L,https://flagcdn.com/w80/hr.png,2,1,0,1,3,4,-1,3,0.1575060758906122,0.1322531268434492,0.2897592027340614,17,1524.4,21,78.2,27.9,1160.0,66.9,72.0,73.2,18.8,-0.055,Solid outfit,defensively grounded,Luka Modrić
Uruguay,URU,H,https://flagcdn.com/w80/uy.png,2,0,2,0,3,3,0,2,0.1003542297097048,0.1893993704889716,0.2897536001986765,18,1520.3,23,78.7,28.2,933.0,69.9,68.9,76.8,19.7,-0.023,Solid outfit,well-balanced,Emiliano Martínez
Mexico,MEX,A,https://flagcdn.com/w80/mx.png,3,3,0,0,6,0,6,9,0.020212156122326,0.2044687714084472,0.2246809275307733,19,1620.2,7,78.2,27.5,1215.0,70.0,61.9,76.0,16.9,0.095,Solid outfit,attack-leaning,Guillermo Martínez
Algeria,ALG,J,https://flagcdn.com/w80/dz.png,2,1,0,1,2,4,-2,3,0.0675232796655369,0.1476549821042198,0.2151782617697567,20,1535.5,18,74.9,26.5,778.0,70.1,60.6,74.9,16.4,0.014,Developing team,attack-leaning,Riyad Mahrez
Norway,NOR,I,https://flagcdn.com/w80/no.png,2,2,0,0,7,3,4,6,0.1832037430592159,-0.0501171425046973,0.1330866005545185,21,1528.4,20,75.0,26.3,801.0,67.1,63.6,74.6,16.5,0.095,Developing team,attack-leaning,Erling Haaland
Egypt,EGY,G,https://flagcdn.com/w80/eg.png,2,1,1,0,4,2,2,4,0.0260396791427507,0.0551926120523202,0.081232291195071,22,1534.7,19,72.2,28.7,821.0,71.7,49.6,78.5,14.3,0.039,Developing team,attack-leaning,Mohamed Salah
Canada,CAN,B,https://flagcdn.com/w80/ca.png,3,1,1,1,8,3,5,4,-0.159056930871326,0.216974368401917,0.057917437530591,23,1466.4,28,74.4,26.5,953.0,67.5,55.9,76.9,14.7,0.111,Developing team,attack-leaning,Alphonso Davies
Paraguay,PAR,D,https://flagcdn.com/w80/py.png,3,1,1,1,2,4,-2,4,-0.0718624651780157,0.1240798920887065,0.0522174269106907,24,1492.5,25,76.8,28.5,690.0,67.4,66.5,74.1,19.9,-0.048,Solid outfit,well-balanced,Diego Gómez
Congo DR,COD,K,https://flagcdn.com/w80/cd.png,2,0,1,1,1,2,-1,1,-0.1344055929023079,0.1850335538254149,0.0506279609231069,25,1422.5,34,75.6,28.5,796.0,69.6,71.9,76.8,21.2,-0.047,Developing team,defensively grounded,Aaron Wan-Bissaka
Australia,AUS,D,https://flagcdn.com/w80/au.png,3,1,1,1,2,2,0,4,-0.1369262861656785,0.1835196916215584,0.0465934054558799,26,1521.6,22,71.0,26.9,734.0,62.3,63.2,73.4,17.0,0.024,Developing team,well-balanced,Mohamed Touré
Senegal,SEN,I,https://flagcdn.com/w80/sn.png,2,0,0,2,3,6,-3,0,0.1554286880032621,-0.1162579318829941,0.0391707561202679,27,1454.6,30,79.5,26.6,985.0,72.8,62.0,80.8,16.6,-0.077,Strong side,attack-leaning,Sadio Mané
Cape Verde,CPV,H,https://flagcdn.com/w80/cv.png,2,0,2,0,2,2,0,2,-0.0624154259489688,0.0748648207350049,0.0124493947860361,28,1461.3,29,79.3,29.2,824.0,67.6,66.8,71.5,19.2,0.004,Strong side,well-balanced,João Paulo Fernandes
United States,USA,D,https://flagcdn.com/w80/us.png,3,2,0,1,8,4,4,6,0.1450497345793352,-0.2241800421107092,-0.079130307531374,29,1489.3,26,74.6,26.4,962.0,66.4,65.4,75.0,17.6,0.024,Developing team,well-balanced,Christian Pulisic
South Africa,RSA,A,https://flagcdn.com/w80/za.png,3,1,1,1,2,3,-1,4,-0.2171082345223654,0.0545139981078741,-0.1625942364144912,30,1484.0,27,77.3,26.3,483.0,67.6,62.0,73.0,15.6,-0.034,Solid outfit,attack-leaning,Lyle Foster
Türkiye,TUR,D,https://flagcdn.com/w80/tr.png,3,1,0,2,3,5,-2,3,0.0621034610503089,-0.2614337587294418,-0.1993302976791329,31,1450.9,32,76.9,27.2,970.0,63.4,69.9,71.4,19.7,-0.073,Solid outfit,defensively grounded,Hakan Çalhanoğlu
Scotland,SCO,C,https://flagcdn.com/w80/gb-sct.png,3,1,0,2,1,4,-3,3,-0.1834595066348406,-0.0167461720210733,-0.2002056786559139,32,1432.6,33,74.5,28.7,973.0,62.6,69.9,69.1,20.2,-0.027,Developing team,defensively grounded,Andy Robertson
Sweden,SWE,F,https://flagcdn.com/w80/se.png,3,1,1,1,7,7,0,4,0.1912189167445302,-0.4112487538157852,-0.220029837071255,33,1403.2,37,73.8,27.0,519.0,65.2,63.8,72.3,17.4,-0.061,Developing team,well-balanced,Alexander Isak
Iran,IRN,G,https://flagcdn.com/w80/ir.png,2,0,2,0,2,2,0,2,-0.3836463938448079,0.0500551880472018,-0.3335912057976061,34,1451.5,31,69.2,29.8,1169.0,69.9,43.0,73.1,13.2,0.0,Developing team,attack-leaning,Mehdi Taremi
Panama,PAN,L,https://flagcdn.com/w80/pa.png,2,0,0,2,0,2,-2,0,-0.1887277312313184,-0.2538373213119169,-0.4425650525432354,35,1350.0,44,77.6,30.0,1541.0,67.4,67.9,70.7,19.5,-0.085,Solid outfit,well-balanced,Jiovany Ramos
South Korea,KOR,A,https://flagcdn.com/w80/kr.png,3,1,0,2,2,3,-1,3,-0.3332063926902309,-0.1117637726206182,-0.4449701653108491,36,1500.8,24,57.0,27.5,958.0,55.7,40.0,66.0,10.4,-0.062,Developing team,attack-leaning,Eom Ji-sung
Czechia,CZE,A,https://flagcdn.com/w80/cz.png,3,0,1,2,2,6,-4,1,-0.1577483022055699,-0.2889191124298232,-0.4466674146353931,37,1352.5,43,76.4,27.2,723.0,70.4,72.7,70.3,20.4,-0.115,Solid outfit,defensively grounded,Tomáš Souček
Bosnia-Herzegovina,BIH,B,https://flagcdn.com/w80/ba.png,3,1,1,1,5,6,-1,4,-0.1201436720361346,-0.3511607567819336,-0.4713044288180682,38,1399.5,38,74.7,26.0,597.0,65.4,67.2,66.2,17.7,-0.02,Developing team,well-balanced,Edin Džeko
Ghana,GHA,L,https://flagcdn.com/w80/gh.png,2,1,1,0,1,0,1,4,-0.3565065746018368,-0.1594534165412095,-0.5159599911430464,39,1408.9,36,71.4,26.4,561.0,66.3,61.9,77.6,16.4,-0.089,Developing team,attack-leaning,Thomas Partey
Tunisia,TUN,F,https://flagcdn.com/w80/tn.png,3,0,0,3,2,12,-10,0,-0.327750475831903,-0.2376089550311896,-0.5653594308630927,40,1382.3,39,70.2,26.2,582.0,61.4,64.3,66.4,17.1,-0.178,Developing team,defensively grounded,Ellyes Skhiri
Uzbekistan,UZB,K,https://flagcdn.com/w80/uz.png,2,0,0,2,1,8,-7,0,-0.3519503975148045,-0.2504716345481848,-0.6024220320629894,41,1415.4,35,66.3,27.7,834.0,63.8,52.4,71.4,14.1,-0.17,Developing team,attack-leaning,Eldor Shomurodov
Haiti,HAI,C,https://flagcdn.com/w80/ht.png,3,0,0,3,2,8,-6,0,-0.2748996427864789,-0.3986675080913633,-0.6735671508778422,42,1338.5,47,70.1,27.0,624.0,65.4,51.2,77.2,14.2,-0.067,Developing team,attack-leaning,Derrick Etienne Jr.
Saudi Arabia,KSA,H,https://flagcdn.com/w80/sa.png,2,0,1,1,1,5,-4,1,-0.6641150641162561,-0.0348698668294791,-0.6989849309457353,43,1368.1,42,63.0,28.0,927.0,63.1,58.4,79.6,15.8,-0.113,Developing team,attack-leaning,Mohamed Kanno
New Zealand,NZL,G,https://flagcdn.com/w80/nz.png,2,0,1,1,3,5,-2,1,-0.3933076270835264,-0.3276990153451283,-0.7210066424286548,44,1342.2,46,70.0,27.8,825.0,62.6,56.8,69.4,16.2,-0.14,Developing team,attack-leaning,Chris Wood
Jordan,JOR,J,https://flagcdn.com/w80/jo.png,2,0,0,2,2,5,-3,0,-0.3173095534698608,-0.4281663477777143,-0.7454759012475751,45,1376.5,41,61.3,28.1,1063.0,67.5,26.3,81.4,7.8,-0.106,Developing team,attack-leaning,Salim Obaid
Curaçao,CUW,E,https://flagcdn.com/w80/cw.png,3,0,1,2,1,9,-8,1,-0.1312474458072512,-0.719392294725222,-0.8506397405324733,46,1380.3,40,71.0,27.5,618.0,67.1,65.0,73.9,18.0,-0.18,Developing team,attack-leaning,Riechedly Bazoer
Iraq,IRQ,I,https://flagcdn.com/w80/iq.png,2,0,0,2,1,7,-6,0,-0.6262729234317173,-0.2387900170252663,-0.8650629404569836,47,1345.8,45,64.1,26.4,827.0,61.3,54.1,68.9,14.8,-0.16,Developing team,attack-leaning,Aymen Hussein
Qatar,QAT,B,https://flagcdn.com/w80/qa.png,3,0,1,2,2,10,-8,1,-0.2908792491021387,-0.6976784729948167,-0.9885577220969556,48,1297.5,48,72.1,28.9,1425.0,61.5,69.8,67.1,19.8,-0.18,Developing team,defensively grounded,Lucas Mendes
